feature_1,feature_2,feature_3,target
1,10,0.4967141530112327,Main_Class
2,20,-0.13826430117118466,Main_Class
3,30,0.6476885381006925,Main_Class
4,40,1.5230298564080254,Main_Class
5,50,-0.23415337472333597,Main_Class
6,60,-0.23413695694918055,Secondary
7,70,1.5792128155073915,Secondary
8,80,0.7674347291529088,Secondary
9,90,-0.4694743859349521,Single_1
10,100,0.5425600435859647,Single_2
11,110,-0.46341769281246226,Single_3
12,120,-0.46572975357025687,Single_4
